<?xml version="1.0" encoding="utf-8"?>
<WindField><!--Wind scenario 1 from CMAES paper-->
   <Angles>
      <angle c="13.0" k="2.0" omega="0.0" theta="0"/>
      <angle c="13.0" k="2.0" omega="0.01" theta="15"/>
      <angle c="13.0" k="2.0" omega="0.01" theta="30"/>
      <angle c="13.0" k="2.0" omega="0.01" theta="45"/>
      <angle c="13.0" k="2.0" omega="0.01" theta="60"/>
      <angle c="13.0" k="2.0" omega="0.2" theta="75"/>
      <angle c="13.0" k="2.0" omega="0.6" theta="90"/>
      <angle c="13.0" k="2.0" omega="0.01" theta="105"/>
      <angle c="13.0" k="2.0" omega="0.01" theta="120"/>
      <angle c="13.0" k="2.0" omega="0.01" theta="135"/>
      <angle c="13.0" k="2.0" omega="0.01" theta="150"/>
      <angle c="13.0" k="2.0" omega="0.01" theta="165"/>
      <angle c="13.0" k="2.0" omega="0.01" theta="180"/>
      <angle c="13.0" k="2.0" omega="0.01" theta="195"/>
      <angle c="13.0" k="2.0" omega="0.01" theta="210"/>
      <angle c="13.0" k="2.0" omega="0.01" theta="225"/>
      <angle c="13.0" k="2.0" omega="0.01" theta="240"/>
      <angle c="13.0" k="2.0" omega="0.01" theta="255"/>
      <angle c="13.0" k="2.0" omega="0.01" theta="270"/>
      <angle c="13.0" k="2.0" omega="0.01" theta="285"/>
      <angle c="13.0" k="2.0" omega="0.01" theta="300"/>
      <angle c="13.0" k="2.0" omega="0.01" theta="315"/>
      <angle c="13.0" k="2.0" omega="0.01" theta="330"/>
      <angle c="13.0" k="2.0" omega="0.0" theta="345"/>
   </Angles>
   <Obstacles/>
   <Parameters>
       <Width>7000</Width>
       <Height>14000</Height>
       <NTurbines>400</NTurbines>
       <WakeFreeEnergy>14045.7</WakeFreeEnergy>
   </Parameters>
</WindField>
