<?xml version="1.0" encoding="utf-8"?>
<WindField><!--Randomly generated wind-->
   <Angles>
      <angle c="7.8102" k="2.9435" omega="0.014716" theta="0"/>
      <angle c="9.1062" k="1.7757" omega="0.010938" theta="15"/>
      <angle c="7.3843" k="2.0689" omega="0.008181" theta="30"/>
      <angle c="7.9285" k="3.5737" omega="0.0057671" theta="45"/>
      <angle c="8.2512" k="5.9974" omega="0.0041612" theta="60"/>
      <angle c="7.7477" k="3.6713" omega="0.0030603" theta="75"/>
      <angle c="8.981" k="3.7111" omega="0.002222" theta="90"/>
      <angle c="9.8123" k="1.5404" omega="0.0014847" theta="105"/>
      <angle c="8.0859" k="3.5279" omega="0.0018988" theta="120"/>
      <angle c="9.5933" k="4.4333" omega="0.0027169" theta="135"/>
      <angle c="8.8768" k="1.873" omega="0.0035653" theta="150"/>
      <angle c="8.9714" k="3.123" omega="0.0051813" theta="165"/>
      <angle c="8.6359" k="1.8476" omega="0.0068478" theta="180"/>
      <angle c="8.384" k="3.7136" omega="0.010161" theta="195"/>
      <angle c="9.8628" k="1.9336" omega="0.013908" theta="210"/>
      <angle c="10.1987" k="2.1503" omega="0.019483" theta="225"/>
      <angle c="10.5455" k="4.0304" omega="0.027644" theta="240"/>
      <angle c="9.3055" k="2.4108" omega="0.03841" theta="255"/>
      <angle c="9.3113" k="2.344" omega="0.053368" theta="270"/>
      <angle c="9.1334" k="2.3324" omega="0.074447" theta="285"/>
      <angle c="9.2147" k="3.5364" omega="0.10505" theta="300"/>
      <angle c="9.4361" k="1.9573" omega="0.14381" theta="315"/>
      <angle c="8.6254" k="4.1795" omega="0.20514" theta="330"/>
      <angle c="7.1149" k="2.8211" omega="0.2854" theta="345"/>
   </Angles>
   <Obstacles/>
   <Parameters>
       <Width>7000</Width>
       <Height>14000</Height>
       <NTurbines>400</NTurbines>
       <WakeFreeEnergy>9118.49</WakeFreeEnergy>
   </Parameters>
</WindField>
