<?xml version="1.0" encoding="utf-8"?>
<WindField><!--Randomly generated wind-->
   <Angles>
      <angle c="8.707" k="2.4577" omega="0.042437" theta="0"/>
      <angle c="8.9043" k="2.2688" omega="0.044707" theta="15"/>
      <angle c="11.3566" k="1.7587" omega="0.04415" theta="30"/>
      <angle c="11.6301" k="2.012" omega="0.045178" theta="45"/>
      <angle c="8.2891" k="1.9591" omega="0.044621" theta="60"/>
      <angle c="9.6109" k="2.2924" omega="0.045649" theta="75"/>
      <angle c="9.5394" k="2.3454" omega="0.044536" theta="90"/>
      <angle c="8.9715" k="1.6217" omega="0.042994" theta="105"/>
      <angle c="8.7923" k="1.4436" omega="0.038626" theta="120"/>
      <angle c="9.1296" k="2.8689" omega="0.04475" theta="135"/>
      <angle c="10.8818" k="2.0158" omega="0.043508" theta="150"/>
      <angle c="9.962" k="1.6007" omega="0.041838" theta="165"/>
      <angle c="9.1653" k="2.999" omega="0.044793" theta="180"/>
      <angle c="8.8951" k="4.3191" omega="0.045435" theta="195"/>
      <angle c="9.1517" k="2.0128" omega="0.045178" theta="210"/>
      <angle c="8.3972" k="2.77" omega="0.045435" theta="225"/>
      <angle c="8.4808" k="1.7393" omega="0.044493" theta="240"/>
      <angle c="10.6417" k="1.8025" omega="0.044878" theta="255"/>
      <angle c="9.7879" k="2.9813" omega="0.045092" theta="270"/>
      <angle c="9.4709" k="6.0646" omega="0.045606" theta="285"/>
      <angle c="8.1666" k="3.088" omega="0.045007" theta="300"/>
      <angle c="8.687" k="1.8505" omega="0.043123" theta="315"/>
      <angle c="9.5412" k="1.8237" omega="0.044322" theta="330"/>
      <angle c="9.6409" k="2.9413" omega="0.045092" theta="345"/>
   </Angles>
   <Obstacles>
       <obstacle xmin="3000" ymin="4000" xmax="4000" ymax="6500"/>
       <obstacle xmin="6500" ymin="13500" xmax="7000" ymax="14000"/>
   </Obstacles>
   <Parameters>
       <Width>7000</Width>
       <Height>14000</Height>
       <NTurbines>400</NTurbines>
       <WakeFreeEnergy>10546.9</WakeFreeEnergy>
   </Parameters>
</WindField>
