<?xml version="1.0" encoding="utf-8"?>
<WindField><!--Wind data from IN farm-->
   <Angles>
      <angle c="6.8133" k="2.0807" omega="0.021471" theta="0"/>
      <angle c="5.5128" k="1.6025" omega="0.01244" theta="15"/>
      <angle c="4.7699" k="2.0371" omega="0.0099521" theta="30"/>
      <angle c="4.0184" k="1.6617" omega="0.010874" theta="45"/>
      <angle c="6.1907" k="2.3414" omega="0.017508" theta="60"/>
      <angle c="7.1184" k="2.9483" omega="0.026815" theta="75"/>
      <angle c="7.0525" k="2.8138" omega="0.023774" theta="90"/>
      <angle c="5.9182" k="3.4372" omega="0.029027" theta="105"/>
      <angle c="6.159" k="2.8948" omega="0.018153" theta="120"/>
      <angle c="6.0753" k="3.0361" omega="0.020273" theta="135"/>
      <angle c="6.7753" k="3.0183" omega="0.021194" theta="150"/>
      <angle c="7.029" k="2.6193" omega="0.025802" theta="165"/>
      <angle c="9.0475" k="2.991" omega="0.07418" theta="180"/>
      <angle c="8.2418" k="3.0821" omega="0.064412" theta="195"/>
      <angle c="8.3835" k="2.9717" omega="0.05188" theta="210"/>
      <angle c="8.2562" k="2.9951" omega="0.049208" theta="225"/>
      <angle c="7.2699" k="2.6709" omega="0.05059" theta="240"/>
      <angle c="6.8806" k="3.1566" omega="0.070586" theta="255"/>
      <angle c="8.0164" k="2.9719" omega="0.085883" theta="270"/>
      <angle c="8.5308" k="3.4695" omega="0.13749" theta="285"/>
      <angle c="8.1378" k="3.5202" omega="0.067361" theta="300"/>
      <angle c="6.9238" k="3.3958" omega="0.045153" theta="315"/>
      <angle c="5.8867" k="2.7253" omega="0.032529" theta="330"/>
      <angle c="7.0592" k="2.3456" omega="0.03345" theta="345"/>
   </Angles>
   <Obstacles>
       <obstacle xmin="3000" ymin="4000" xmax="4000" ymax="6500"/>
       <obstacle xmin="6500" ymin="13500" xmax="7000" ymax="14000"/>
   </Obstacles>
   <Parameters>
       <Width>7000</Width>
       <Height>14000</Height>
       <NTurbines>400</NTurbines>
       <WakeFreeEnergy>7005.97</WakeFreeEnergy>
   </Parameters>
</WindField>
