<?xml version="1.0" encoding="utf-8"?>
<WindField><!--Wind scenario 0 from CMAES paper-->
   <Angles>
      <angle c="7.0" k="2.0" omega="0.0002" theta="0"/>
      <angle c="5.0" k="2.0" omega="0.0080" theta="15"/>
      <angle c="5.0" k="2.0" omega="0.0227" theta="30"/>
      <angle c="5.0" k="2.0" omega="0.0242" theta="45"/>
      <angle c="5.0" k="2.0" omega="0.0225" theta="60"/>
      <angle c="4.0" k="2.0" omega="0.0339" theta="75"/>
      <angle c="5.0" k="2.0" omega="0.0423" theta="90"/>
      <angle c="6.0" k="2.0" omega="0.0290" theta="105"/>
      <angle c="7.0" k="2.0" omega="0.0617" theta="120"/>
      <angle c="7.0" k="2.0" omega="0.0813" theta="135"/>
      <angle c="8.0" k="2.0" omega="0.0994" theta="150"/>
      <angle c="9.5" k="2.0" omega="0.1394" theta="165"/>
      <angle c="10.0" k="2.0" omega="0.1839" theta="180"/>
      <angle c="8.5" k="2.0" omega="0.1115" theta="195"/>
      <angle c="8.5" k="2.0" omega="0.0765" theta="210"/>
      <angle c="6.5" k="2.0" omega="0.0080" theta="225"/>
      <angle c="4.6" k="2.0" omega="0.0051" theta="240"/>
      <angle c="2.6" k="2.0" omega="0.0019" theta="255"/>
      <angle c="8.0" k="2.0" omega="0.0012" theta="270"/>
      <angle c="5.0" k="2.0" omega="0.0010" theta="285"/>
      <angle c="6.4" k="2.0" omega="0.0017" theta="300"/>
      <angle c="5.2" k="2.0" omega="0.0031" theta="315"/>
      <angle c="4.5" k="2.0" omega="0.0097" theta="330"/>
      <angle c="3.9" k="2.0" omega="0.0317" theta="345"/>
   </Angles>
   <Obstacles>
       <obstacle xmin="3000" ymin="4000" xmax="4000" ymax="6500"/>
       <obstacle xmin="6500" ymin="13500" xmax="7000" ymax="14000"/>
   </Obstacles>
   <Parameters>
       <Width>7000</Width>
       <Height>14000</Height>
       <NTurbines>400</NTurbines>
       <WakeFreeEnergy>7315.38</WakeFreeEnergy>
   </Parameters>
</WindField>
